{
  "builtin_entity_scope": [],
  "config": {
    "unit_name": "tfidf_vectorizer",
    "use_stemming": false,
    "word_clusters_name": null
  },
  "language_code": "en",
  "vectorizer": {
    "idf_diag": [
      4.697178256928631,
      5.102643365036796,
      5.102643365036796,
      5.102643365036796,
      5.102643365036796,
      4.697178256928631,
      5.102643365036796,
      5.102643365036796,
      5.102643365036796,
      5.102643365036796,
      5.102643365036796,
      5.102643365036796,
      5.102643365036796,
      5.102643365036796,
      4.697178256928631,
      5.102643365036796,
      4.697178256928631,
      5.102643365036796,
      5.102643365036796,
      5.102643365036796,
      5.102643365036796,
      5.102643365036796,
      2.751268107873318,
      3.2308411881352046,
      5.102643365036796,
      4.697178256928631,
      4.004031076368686,
      5.102643365036796,
      5.102643365036796,
      5.102643365036796,
      5.102643365036796,
      5.102643365036796,
      5.102643365036796,
      5.102643365036796,
      5.102643365036796,
      5.102643365036796,
      5.102643365036796,
      4.697178256928631,
      4.697178256928631,
      4.697178256928631,
      4.697178256928631,
      3.0232018233569597,
      3.5985659682605218,
      5.102643365036796,
      4.697178256928631,
      4.697178256928631,
      3.3978952727983707,
      2.6602963296675917,
      3.4932054526026954,
      4.697178256928631
    ],
    "vocab": {
      "a2": 0,
      "a3": 1,
      "a5": 2,
      "a6": 3,
      "b1": 4,
      "b3": 5,
      "b4": 6,
      "b6": 7,
      "b8": 8,
      "bishop": 9,
      "c1": 10,
      "c2": 11,
      "c4": 12,
      "c6": 13,
      "c8": 14,
      "d3": 15,
      "d4": 16,
      "d5": 17,
      "d8": 18,
      "e2": 19,
      "e6": 20,
      "e7": 21,
      "entityfeatureboardsquare": 22,
      "entityfeaturepiece": 23,
      "f1": 24,
      "f4": 25,
      "from": 26,
      "g1": 27,
      "g3": 28,
      "g4": 29,
      "g5": 30,
      "g6": 31,
      "g8": 32,
      "h1": 33,
      "h4": 34,
      "h5": 35,
      "h8": 36,
      "horse": 37,
      "king": 38,
      "knight": 39,
      "move": 40,
      "of": 41,
      "on": 42,
      "pawn": 43,
      "queen": 44,
      "rook": 45,
      "takes": 46,
      "the": 47,
      "to": 48,
      "tower": 49
    }
  }
}